상품명,가격,url
Apple 애플 아이폰 13 미니 128GB 새상품,"298,000원",https://cr.shopping.naver.com/adcr?x=NSWFnSrZZDtKI9jg%2BTHCsP%2F%2F%2Fw%3D%3DsNovepaXkPL2svCP0k9bm561odJ2%2F6LBtogIwFjN3ri1yoYErd7Wx1dfdVO6hh7qVZ4TDxwAhNmm2sB7REec%2B%2BcKdlAuo4CRofAy%2FiHp8jqv8RtWXQ%2B4yWv%2FzzZujOpojmI2pf6w7%2BZPRPmsiCF%2FDqbnUM4PbNixF03EUqHcGaSHf0tRItGsVdjhlt3JkjekEyaxxRm4H8HcYDi0B3B3iQmfQT7uWwvxdz8nMvhXCKF1zPnBo0jGi%2FSdSlDWdPE2TPsT%2FxSjpUJFdlZfyHQtivweL8mDjug0MMBKQwp4NOEHBz7%2BORHa%2BX777%2F5U82WuFClV6w5UIcD7iElKPt4xFA%2FgE8e9QQc4K7zOyHVjcWSv6jQnn8m0skKQEOM3w8AiEmm1JLu3o30uX0kQP1eRkNfHIsJdUagYtylP20Ue0qWTXdwMZv%2BsjaOq%2FaIlKn6P2gbBqsN8Zes7AE1dCnTE379f04SLzEOLuWyApwkiBtsHdFr7skMvkOMBUq0V%2FWcMEKs1Ua8XULYTCnO9fYrVsTF7VsaTLuUmCaaMN%2FRmNua8phM4Xkqwer6KAYBzWkB5nEopvkYbWlTBuKOBID7cdbPWWjV8vjdCf6NvpU6ceBDKVwmwH%2B3aWprpLokeMIk%2FDaGimR4pR27mrh1IoDTOSgA%3D%3D&nvMid=88573763568&catId=50001519
아이폰 16 프로 128GB [자급제],"최저1,538,900원",https://cr.shopping.naver.com/adcr?x=JlAJL1o6s1CsOaGuFx%2BoOP%2F%2F%2Fw%3D%3Dsv%2B7qaDg9ZbzkhewfSc%2FNDRsVmF%2BoI%2FaEZ%2B2b8EgTULjxTAJR5s3V3RheLYZrm3hTZKdpByhJKOYookEdJuuecGg6HabDTRx466CGciRiUnFBZuMfzSBinsMMtj7lqMfUQlG88JdT4Wf0zM%2BjZEk5p9sHPIVch1P4jUXascQaYSmhxqUsJJZLmlLSsgEI%2BaA2334rL%2BbR36BhYe0R%2FrUmjkI1yUrC8vID%2FKz%2F8c89qMtRDsmyJXi8r0AaBiYB%2FiTAY2ZxuAuvSW7ZwIsaDJftz694IFlqpi2PXO88uXmhtpGOCUY%2F2cZMS8BZjAxb%2FsTWtWdzvBx2p8K%2FermWgxtxkgez%2FY8eSma9aMvarLWce5vQzaIFUX0VI1vVG0tlEkh%2FwYnL%2FPh%2BHAFwXS68JXu170qNGnYP2mQGFwl2o9AJeRPL%2FwrU5jKJQbNaMC5e8KX7y6PIfs6fCKioZbFmmtYKZwtK%2FlJjOKzlJV2IEBfprxGgld0VhQhWKORjhvxxNeaY2TXG%2BgwroNTvnkoJlUgS6dYcPCZJs3ATganiXKNXJJGYlmWLAT8hmRCr4fwSVvb2uMy2qfIqAIAIJF6QL7M5jiZpuEtbKuy6ExfdXYBRDddicchwRNwmJ84TyxvjggzF4N9pX5UZQKDG3WiyA44eb8bFOcpEv2JF6Agi5hTugAfHICEQpPL7Rm%2B2fyhjEhHR&nvMid=53599505975&catId=50001519
아이폰 16 프로 256GB [자급제],"최저1,647,940원",https://cr.shopping.naver.com/adcr?x=T%2FcdiEwumDV5ijVWZaZttv%2F%2F%2Fw%3D%3Ds0iTuhZrCFTp0xkXcUTtz2FSVVk%2BBvr97qGC9QTuQXZJyoYErd7Wx1dfdVO6hh7qV%2B3fLIKRT37P6BxX5thg6gMKdlAuo4CRofAy%2FiHp8jqv8RtWXQ%2B4yWv%2FzzZujOpojmI2pf6w7%2BZPRPmsiCF%2FDqbnUM4PbNixF03EUqHcGaSHf0tRItGsVdjhlt3JkjekEhmeWtJmvw8M90EK%2Bzy5a114nEdwofithSFzlLG8az9D32oY5X1SF6vhOqs7u%2B6lWIk7uNvEAL%2BEcmclsT2kPbblIRP%2BZOH7CveIqcMav0VExGrCVcWZxUYVdjs%2FHfLzanAKf8C291BuVeZpLynUOGBCGSQdcrj%2BZJHLmJxgT%2Fbv%2BEPKJdnzomj5kRDrgFXrZPmO9iu8DAZY2q64aBKOCFDokh7KNEkkbwBBKOUFOEEozj6zPDboThK1w3Gm066XdmjaLUt6VDBH89eVzxEfT4CI28QDIftdPo5sZ73mZF1SEx5pB%2BgQZ8iK21lVxmWuOseZHaS%2FOwSyXnheJKBgZiCLkdKvOGEI4xa5d1nG8Ze%2B%2BvtA8G%2BumtHrLoxz0kz1ycoCy58bcVaifZhEM0dbnGySIypLg7A1z22Y39UmYMFOdSlPOZBN6V54TTL6u%2FzFsRMBotYHnhzLrAnNGiK5ydOPVa5Lb2HABmc1I3dWl4VhWhZ3SMHTcLlpircdRzUgq1JIslBmdxaTx7xO1%2BPPoWw%3D%3D&nvMid=53599506392&catId=50001519
애플 아이폰 13 미니 128GB 미개봉 새제품,"298,000원",https://cr.shopping.naver.com/adcr?x=MDdkCY7NNzIlkq5Bz5KSav%2F%2F%2Fw%3D%3DsTfgA1lF1iY4XoHxEYPHAs1BCPmcB5j5FZeDQr%2BNSvwlyoYErd7Wx1dfdVO6hh7qVaBPFRWp7NKBlgQ8g3Dsz6sKdlAuo4CRofAy%2FiHp8jqv8RtWXQ%2B4yWv%2FzzZujOpojmI2pf6w7%2BZPRPmsiCF%2FDqbnUM4PbNixF03EUqHcGaSHf0tRItGsVdjhlt3JkjekEyaxxRm4H8HcYDi0B3B3iQmfQT7uWwvxdz8nMvhXCKF1J7CcSJ0DIUdHAyuPJ6A8oPsT%2FxSjpUJFdlZfyHQtivweL8mDjug0MMBKQwp4NOEHBz7%2BORHa%2BX777%2F5U82WuFClV6w5UIcD7iElKPt4xFA3Rzk%2B2MYn6a0xuKH9St%2FrdiqLiNlmzCnpU6thOdl5TNzNkTSpHA0MweXJzCyjK%2F8A0Vsw7XVKFw700NxxBD6yyrBsr40uOCEKhwZbijibmwPzBCY4AqQ%2FQeGLKVJrr5KO4Op6Qqk%2FAjgzSBnQsHlvfG6XJk6mHQ6yVbXZpe23hfC%2Bp633m53JCQqoKkv9VJyI7fn5YhJT4FBfY%2BzNthT0ajrgWQ%2F0JBsjHud4pzo5y1pldvFZmjQ7Xzw3dwBLSdwqTagkydCVnVWDXvIgO0YaZxDfP%2Buap77KkqSY79OuUG5Hv1T%2FoDPeAT2ZD%2BWCfnsQ%3D%3D&nvMid=89710098371&catId=50001519
Apple 아이폰 12 mini 자급제  화이트  128GB,"458,000원",https://cr.shopping.naver.com/adcr?x=DNvUaWn4Vb2b3ygfrgMdZ%2F%2F%2F%2Fw%3D%3Dsuo4HS89CLMeNWtPnALezIU8asFonXyDvwfNVltm3uvtyoYErd7Wx1dfdVO6hh7qV3oKhQQyFTTvRRhL92RLxFcKdlAuo4CRofAy%2FiHp8jqv8RtWXQ%2B4yWv%2FzzZujOpojmI2pf6w7%2BZPRPmsiCF%2FDqbnUM4PbNixF03EUqHcGaSHf0tRItGsVdjhlt3JkjekE49gWwo4YAEWGPlnOMWQUB4qPKnSzTV71gbnTAjWaxQ8K0vzrc1MN6Wq0egkkOYlBlpstgOy9zp%2BUjPayjciHK1CKn5rFcfQ7z965oI0sayA9vUOXdxqvoxceUGcNydPMtO3giCU6bBNsNJy4lnpeasIczVljaOD%2Fisl2P1zGKq61WhOEoPJEiK9%2B0vZUYhMqiZ5t4jM1FZfMPZV16ArB35wCn%2FAtvdQblXmaS8p1DhgQhkkHXK4%2FmSRy5icYE%2F27BW36r4QZshREfg%2B3vq7RNpC7HiO06V6oqsokCIeVsozf5TRm4ebkeqR55xTMCpWjtct%2F3I9iBkFWCprTyrPZqOI02FIoMdpYYAGMl3Am83CcED4m3eDgP3evEaHPdaQE9vTlWpBwVtppt%2BL4fyGJ7qkNyY2kR9THdiV44y3ZJdeS96fHruAsVB%2F4IY9wYk4idTMfBRHHl%2BACi0MHpr%2BIH5hj002Ogq77a8WFYr7d9xo2IWAinpDwg720zBf8CUKXVfariWVbKGz84bjNtDCdgXRXrEJaZniHZGAY5qWX8s7N20HB5d3lwx1loX%2BJnTiFBq7h9PA5SrIXrcWPClBGWw%3D%3D&nvMid=55795851881&catId=50001519
아이폰 16 128GB [자급제],"최저1,232,000원",https://cr.shopping.naver.com/adcr?x=WqHNPvVox5zL6hd0%2F39j%2FP%2F%2F%2Fw%3D%3DsGnZ7JR7WMeZKl1eB66PL%2FVbGPHkTL4MMHns9bYWHI%2BoAjU5j3gjlMYsRq8%2BGHFpSNDrLgx8B4WUtaEFcMo8UWTXJD0NsZoE8wg%2BLc2SvDZhHRaISaXjSXtxpkOUV9xcVoe804vAexvuIKtdxYPjx16HkmzrFVpSBPeoYcmtkM5gynDJp2%2FkvnuV69VRR7qop2h%2FqNbmMd3P9tE5jamCbKQuIB8ncdehaYvLTVmrbJlHcJpcE2Ne6Ok0y9pbE5dYQ%2F2M7NukjaZEovSPMpRwZE%2BE8YCiibN06F7pXXqOPTLCYUXCaGwk1EXlpq6wL997elLYZotmRp8lJel5%2BCjiIY6Tq%2FbD2MGowZHhNOyBhpCeUgj7JhipZW7dJJfFyMQl0NZifuv94QXLzIydYkunVkWovNxFWzA781dOsDXmXgY1sXg5lUvZD9zC7Fi9WJJOHOC5CYCWgpztHEQ4JQULl25w9%2FDMX2S1ZzF2txO07wpSHt5FeG%2FH7Xww%2F%2FMuALSoljDFpNKsYTAdK7nLAuuyHjaWAxwKjSAkhiEGe7TycblcvuEKoypwn4%2FkukrXKy3HW61JV%2FLIz3rS4VPLPhSxRCoaqtVKVX3mw8TucbEAaecgRpOFzCbaM6OU97uoPifjrD24tWwDPFUOeslYuIrLAu5gVSSouQhuSSI9aEQkL383Njqh%2FZemCCOboDhnweAmG&nvMid=53599047304&catId=50001519
아이폰 16 256GB [자급제],"최저1,394,000원",https://cr.shopping.naver.com/adcr?x=Ok14phMzUq7QZxl5iONivP%2F%2F%2Fw%3D%3DswIhAdPQm0raP3pKelQxfu2Q1NJcJVsjn4sf7qAVAZm5yoYErd7Wx1dfdVO6hh7qVaNz0Ape3%2BSI66snXhy7J1MKdlAuo4CRofAy%2FiHp8jqv8RtWXQ%2B4yWv%2FzzZujOpojmI2pf6w7%2BZPRPmsiCF%2FDqbnUM4PbNixF03EUqHcGaSHf0tRItGsVdjhlt3JkjekEhmeWtJmvw8M90EK%2Bzy5a114nEdwofithSFzlLG8az9C2S8lPfnVq83nXPWoxTzKsIk7uNvEAL%2BEcmclsT2kPbblIRP%2BZOH7CveIqcMav0VExGrCVcWZxUYVdjs%2FHfLzanAKf8C291BuVeZpLynUOGBCGSQdcrj%2BZJHLmJxgT%2FbsFbfqvhBmyFER%2BD7e%2BrtE2dBZn0LZ2pCzVI2QWQGQivDokh7KNEkkbwBBKOUFOEEozj6zPDboThK1w3Gm066XdIDdbLiBSEDE7DdJnVe26%2BCI28QDIftdPo5sZ73mZF1SEx5pB%2BgQZ8iK21lVxmWuOxttOs6EyZCkSSnhQS3MqZCx8xjeouQz3msf9CMCOpN4cjM2bv6k5luHkvpnL0SYW7970rYiNVySojnhJJM%2BG%2BhD6NcPFt3jjwRA2Br8gLZ%2F6C0XXk8ySaOQ0OaLzzIxFPoJTvXf8%2Fw%2BzLVNCkOJeIKMTgJLsTLipl9Wys41oJcOFbDf4gHI5rSMJU1BWcIOg&nvMid=53599047322&catId=50001519
아이폰 15 프로 256GB [자급제],"최저1,393,900원",https://cr.shopping.naver.com/adcr?x=K%2BRdvNicF%2F%2FB4P3AvMgY7P%2F%2F%2Fw%3D%3DsDVEuTZ2w%2B1dMnh9LE0bBWkFztRSczYJFSga5HO4JxglyoYErd7Wx1dfdVO6hh7qVY%2BZdWCFNqxuAwtG9yzt8%2FMKdlAuo4CRofAy%2FiHp8jqv8RtWXQ%2B4yWv%2FzzZujOpojmI2pf6w7%2BZPRPmsiCF%2FDqbnUM4PbNixF03EUqHcGaSHf0tRItGsVdjhlt3JkjekEhmeWtJmvw8M90EK%2Bzy5a114nEdwofithSFzlLG8az9BzJ2m9xzVX16%2FGarX%2B01r3Ik7uNvEAL%2BEcmclsT2kPbblIRP%2BZOH7CveIqcMav0VExGrCVcWZxUYVdjs%2FHfLzanAKf8C291BuVeZpLynUOGBCGSQdcrj%2BZJHLmJxgT%2FbtkL5JdTHDItRySe25wAAG1R6V8ba65TYLDly4xNsWXrDokh7KNEkkbwBBKOUFOEEozj6zPDboThK1w3Gm066XdbPlzSJoxS5ir9m382EfkKiI28QDIftdPo5sZ73mZF1RE23oETAfIPiEiCuydkEzSseZHaS%2FOwSyXnheJKBgZiCLkdKvOGEI4xa5d1nG8Ze9OjdzAmgxcdeo6nuQvHjmf0t%2FrWB%2F4NJHdQf700XPXpwxMq3r3K19OpyP1AdiOSGydSlPOZBN6V54TTL6u%2FzFsRZfXzqFbyeOSzdvv0zT%2F9p2pcQhU2gvmt9y7CGwX3wNWhZ3SMHTcLlpircdRzUgq1JIslBmdxaTx7xO1%2BPPoWw%3D%3D&nvMid=53599860411&catId=50001519
아이폰 15 128GB [자급제],"최저949,900원",https://cr.shopping.naver.com/adcr?x=6P2FpXUlcpHKjkts064Jcv%2F%2F%2Fw%3D%3DsI229RJgr0OtEy19IbzLzQrGroo%2Bd8pvvBwBU%2Bw6uttdyoYErd7Wx1dfdVO6hh7qVumCkQVuEhxzegaoiTz%2BnwcKdlAuo4CRofAy%2FiHp8jqv8RtWXQ%2B4yWv%2FzzZujOpojmI2pf6w7%2BZPRPmsiCF%2FDqbnUM4PbNixF03EUqHcGaSHf0tRItGsVdjhlt3JkjekEhmeWtJmvw8M90EK%2Bzy5a114nEdwofithSFzlLG8az9DkPvY159v1MHjs675vOAsGIk7uNvEAL%2BEcmclsT2kPbblIRP%2BZOH7CveIqcMav0VExGrCVcWZxUYVdjs%2FHfLzanAKf8C291BuVeZpLynUOGBCGSQdcrj%2BZJHLmJxgT%2FbtkL5JdTHDItRySe25wAAG1M0f40sQFbegBOEfBLHRQ%2FDokh7KNEkkbwBBKOUFOEEozj6zPDboThK1w3Gm066XdFfE%2FYX0XJyqp%2B2kw6JU7LiI28QDIftdPo5sZ73mZF1RE23oETAfIPiEiCuydkEzSkpNvxu4flzQ%2FtIZsO3GWhyx8xjeouQz3msf9CMCOpN7KfVot%2FxLIB4jpEjeA0jmpa3MO0cdM5r1vmNQnqXjwf9QSUi4EyCEYXGmTiomOMpm%2FhgaMkJIhbUi8HFdPXAb32sYbH8CDRIveXRReBdsMn%2FDUrD7XHwYclQ9qMxbuquIOEsHC78VBLnFZh%2FnDobeN&nvMid=53599527966&catId=50001519
해외아이폰 5S 무음 공기계 인스타 카메라 감성사진 학생폰 세컨폰 실버 16GB 항공,"79,500원",https://cr.shopping.naver.com/adcr?x=7hoRDmcVnfktqtOKIU9s4P%2F%2F%2Fw%3D%3DspV8asmMufUSu48nZVCYuYTixvkwd7eBqmHf12%2FnYNPLxTAJR5s3V3RheLYZrm3hTeimR1%2BPUTTB19l6ov8dcBmg6HabDTRx466CGciRiUnFBZuMfzSBinsMMtj7lqMfUQlG88JdT4Wf0zM%2BjZEk5p9sHPIVch1P4jUXascQaYSmhxqUsJJZLmlLSsgEI%2BaA2RL6iu0rN9ANYEXkZX8p%2BoSEm%2FeWMmjv1VUimPr%2BbdY4jEyopR0FnI8u182%2FcABfRyZW29S%2FxmJTeeLuiskIaAQSsuJVqkvCUm54YYnYiEnOKx7G3krbJiQXzryuwwOqJwMQ42%2BoiLo3E%2FkFOmmckPaj6Lm3LKZr720%2FN9LNHtr1drU9gBvTOY8XVxGgpGxxdKhosZ12eCw8FGIi5s7Izyl1uuJZf0r9gTa48YM%2FRf9hW%2B9MTi6DnMgSXAqQ83li5ZrUrRlFA601AiqsyR5rMmbv6d19Vyw5uIBmQzKP9mJ%2BvWeUElhdOU1eoveahSnOq7PZsJoExrgCMAHsIsBqhxadd1PqqF%2Bmosbtb%2Fo7DJqRKM9h7bXCASgkvPbOQtFTrgTixG19RCgo%2FMAJnlzDPwETTYqjdDo3EzyaBUweWf1rTn%2BIvcxawVxNuePP9ktetYHxupNr7DwPNNy%2BrPwsMjyRr0f9FBbAMipg%2Fg0eLWHf%2BW4ddEYpIf%2BPRJ9ki%2BlY5xyAhEKTy%2B0Zvtn8oYxIR0Q%3D%3D&nvMid=88862658133&catId=50000249
애플 아이폰17 프로 휴대폰성지 시세표 아이폰사전예약 공짜휴대폰 핸드폰성지 온라인개통,100원,https://cr.shopping.naver.com/adcr?x=%2BsZ8CaLmmM9SFVYsMKRxvv%2F%2F%2Fw%3D%3DsROTRnq2%2By9m98jAAGl1jUSswU3bYAVcnLCMIB7uXE1wksXwEH1Ig1UJg2fSjEwkDbfef5VglmHILaOkSSKLibFsZOinTopHxyAyK2u%2FTy%2BjYsfDmngMDc30arSUbghlw%2FQUOJu4%2BL9kapXczqJZGtOJ6H%2Fh1p4lSdgqN%2Fg8KQex%2FaQEeFPLTTFfKm3gMFSLWHkmrnz7e3oOaLsOyYxXkwL26%2F6oQ1S9MulhtfX5bagfGuBuR6YT71%2BVAaHjM%2FBFJFHi6rTYjaZQArOyoAic8eFc51e296QaSAqNUYUa3VlplcJGFvnsTu5GpvPkbH7zjHUxCxdKpCzRRlsKyKLa7tgpTVcIVL%2Fi%2F4Ytp5wTgVeBYIHKyFzmzANdPPfPctN0GWdS0NG4AZjNeG5HanXrsweKmc%2FlV8%2BNQmY7%2BVTz4%2B69VXemfpmeX70wC2wQT5nyi5pxiwDZPU40LYzhHX%2FcRv3R%2FNZdUvWY4pVxrNihit5q56%2BcSQ%2BeBrBDmXIDFYg6f%2F0X8gFBBhr6rnnTk5Nq2rHKiiqdnKb1fkKs%2Fh7KblWhIa%2FIDcyjh15RQN5IM5zaT42TnRLGSi5VDUavG5mZqSszvfzvpK%2FgGMQm%2F7cWt3NVfFrCseTa%2FI94sAKln8fWve6C%2FrV2LQ4hi54WVNYPszEvqnpx%2BA9yq%2FM1brb90XSauRwedCcTc1UJKdTYd1mDgc9YRAv3jhK1NOlZDgiNM2zUEZjr%2BYTjcTi2yVWpcNuMcu%2BYqblPpn43ZKD5t0czsH06V%2BPytyWvw7uomdfo2ScKR3YKlD9qGAl6gX9HvZO7oGGsg6DGsNYX3g%2FD6DhBWOS1x%2BW4rFA%2B0%2BfEYskBy1VaFndIwdNwuWmKtx1HNSCrUkiyUGZ3FpPHvE7X48%2Bhb&nvMid=52686328578&catId=50001519
아이폰 16e 128GB [자급제],"최저948,900원",https://cr.shopping.naver.com/adcr?x=O8zGjC5Q64oQBPMVI9Uj6f%2F%2F%2Fw%3D%3Ds2jT9N5QAyjsf06WK35ZS%2BAR3WuCDdevYKTrC7Qxu%2FGJyoYErd7Wx1dfdVO6hh7qV5FN0HMMlHa7Dtqr8lwbsjcKdlAuo4CRofAy%2FiHp8jqv8RtWXQ%2B4yWv%2FzzZujOpojmI2pf6w7%2BZPRPmsiCF%2FDqbnUM4PbNixF03EUqHcGaSHf0tRItGsVdjhlt3JkjekEhmeWtJmvw8M90EK%2Bzy5a114nEdwofithSFzlLG8az9Dk%2FxZcQIw%2FsFSkzyYVI4RJIk7uNvEAL%2BEcmclsT2kPbblIRP%2BZOH7CveIqcMav0VExGrCVcWZxUYVdjs%2FHfLzanAKf8C291BuVeZpLynUOGBCGSQdcrj%2BZJHLmJxgT%2FbtkL5JdTHDItRySe25wAAG1IafjBUyUrBTw96cbvd9OkTokh7KNEkkbwBBKOUFOEEraflFaXBXyCzcFGAmQuamK%2B0XOXKaedx2qvSzkECSU0yI28QDIftdPo5sZ73mZF1TsUcVM6k%2BqgP40yyATM%2Bb4QbVgN24KwiU1TzVS2CQ72kBeJNzypmmTj65VFllWzZ2PT1Nj3AUkHIPH7%2Fz4WNDywSW3JzQiiEORedg7nqqIzggWSrtKHf1eD%2BGnkDj0dq%2F6C0XXk8ySaOQ0OaLzzIxFCT6y7j486V0S64MuRU%2BJmpvC5HjUbEvHeSfNuAwOJG7LVWGr8fvvH1mWvUgXPK6j&nvMid=53120926544&catId=50001519
아이폰 15프로 256GB Apple 미개봉,"574,000원",https://cr.shopping.naver.com/adcr?x=i1Jm3uunJSl7aui889udJv%2F%2F%2Fw%3D%3Dsbuvcp5sRvsh0olwAKdo%2Bd9cl4INIlaiNpl3eIG09Zz1yoYErd7Wx1dfdVO6hh7qVomPkvGmlApVtxoWBwD4vS8KdlAuo4CRofAy%2FiHp8jqv8RtWXQ%2B4yWv%2FzzZujOpojmI2pf6w7%2BZPRPmsiCF%2FDqbnUM4PbNixF03EUqHcGaSHf0tRItGsVdjhlt3JkjekEyaxxRm4H8HcYDi0B3B3iQmfQT7uWwvxdz8nMvhXCKF1xpWXXZID2trzlaD3iV8TuPsT%2FxSjpUJFdlZfyHQtivweL8mDjug0MMBKQwp4NOEHBz7%2BORHa%2BX777%2F5U82WuFn4nkKZrnZoqHEJLr8hsCiAMksYqFkYuVeRxrjK85%2Figm3YF4d2Z0hp2fi1LRvOyuLLH28tcazhLaZ%2BslhJrXlcjBoBHHtZIpDNlz8ArzFgWYGver5E58ukKnoJgO2i7e4wuYyWG%2FowaqGHspO8Apljib6u4ycOc8IRuQ7Zhwm1rJeIPYd%2FI%2FekJqteNwsU05BPUx9Bkv03H1dkb0%2B1oKAUk1Dh%2FhVnxlw0E1WPqVZ7RJM%2FtqwYhqZVHismIo9hYfR7ojQqbAkd2X7vzU7WPKBDObtF5glDCKgaZDRTZzIA%2BDG554kJfPE%2BSUp9tUm1kTBq7h9PA5SrIXrcWPClBGWw%3D%3D&nvMid=89180114844&catId=50000249
아이폰 16 프로 맥스 256GB [자급제],"최저1,826,000원",https://cr.shopping.naver.com/adcr?x=F89b4NUsbBAAcIOKvhbxjP%2F%2F%2Fw%3D%3DsOrsgomMePA%2BkFS03mA9D7vA2U%2BsIbVlYyYbfjNQBRVDxTAJR5s3V3RheLYZrm3hT2vPaB7x4SAjmYMxnv4whAmg6HabDTRx466CGciRiUnFBZuMfzSBinsMMtj7lqMfUQlG88JdT4Wf0zM%2BjZEk5p9sHPIVch1P4jUXascQaYSmhxqUsJJZLmlLSsgEI%2BaA2334rL%2BbR36BhYe0R%2FrUmjkI1yUrC8vID%2FKz%2F8c89qMvM%2BjyYHBauUoUJmEtAikKiY2ZxuAuvSW7ZwIsaDJftz694IFlqpi2PXO88uXmhtpGOCUY%2F2cZMS8BZjAxb%2FsTWtWdzvBx2p8K%2FermWgxtxkgez%2FY8eSma9aMvarLWce5uJrpMddNRXPK%2By1qEKXEXJ8GZbsEYKiPIORxfqfxCblUqNGnYP2mQGFwl2o9AJeRPL%2FwrU5jKJQbNaMC5e8KX7g%2B6a829KlBinlsjY5BvzygtK%2FlJjOKzlJV2IEBfprxGgld0VhQhWKORjhvxxNeaY7WImOpI485J2fHlvWgEcHg9Uv7%2BuXk8s9e0jSRo%2Fw%2BTS%2FdmyPcVs3Fg0ny1YSGz6mbgx%2BJfc2db0PrJoEXSW0I5bNpjyZu8aL7yCO3hASYvC0hiHfmfzmAI0X1cC502KqaNGIg5VfeLo6uSAHBxLJNQsBT0PvSNxj7eDXggPRwZqQC9hxrCS4fZ6zUrDXWFDQdAiJdwXirBRdnaxfvrBbw%3D%3D&nvMid=53599522661&catId=50001519
아이폰16프로맥스 256G 애플 미개봉 새상품,"992,000원",https://cr.shopping.naver.com/adcr?x=IBomj2DLOAYnVo3Xwdko9%2F%2F%2F%2Fw%3D%3DsQi%2F3fKZowGF89ngugIwgdwyD9VYpd3AlnEwP8ScK%2BsRyoYErd7Wx1dfdVO6hh7qVtVeh1KtNrLDJi9v%2BMPrfycKdlAuo4CRofAy%2FiHp8jqv8RtWXQ%2B4yWv%2FzzZujOpojmI2pf6w7%2BZPRPmsiCF%2FDqbnUM4PbNixF03EUqHcGaSHf0tRItGsVdjhlt3JkjekEyaxxRm4H8HcYDi0B3B3iQmfQT7uWwvxdz8nMvhXCKF1aWiVvjxnU%2B%2Bj5cHxVEQC%2FPsT%2FxSjpUJFdlZfyHQtivweL8mDjug0MMBKQwp4NOEHBz7%2BORHa%2BX777%2F5U82WuFClV6w5UIcD7iElKPt4xFA6bw4D8hyESl1bS%2BNrdUNCPP7yby5lWZA686mf2dglqWzNkTSpHA0MweXJzCyjK%2F8BUWLVGBwyNE6stB0bAheIp5PGzBKmO2aXL3EEnbZDKYsdzrUT2C74UyydfYhQMxwEEdjCNY%2Fcc3LpVqlgGuGlPL9%2Fbs%2FkpMg%2BLfH1I4%2BD6HbOJEpyFE%2Ft7cEbAgiUS3%2BQKtcPgPRpJKva0J8Am9cZcx8MSOUYMBhbrQdE2XcZeJki9GFbPXZ7z3nXrJ6BGSqYf4d9YKCE9xAL0LeYnPwcZ8Loi7dxhbUdm%2BmzAsc7tTb1NmOoRBMBsXNQGXzjfbC%2BFUQB%2FrDAzm2q1KHRsHkfE%3D&nvMid=89602360063&catId=50001519
아이폰 15 128GB Apple 미개봉 새상품,"190,000원",https://cr.shopping.naver.com/adcr?x=1FdRYedK9rHc136Djqm7wf%2F%2F%2Fw%3D%3DsUm2X87npZyntd79q9mRdBk%2FFZ4mJzbybm4D0R6Ucz3DxTAJR5s3V3RheLYZrm3hTkg3qVmQrQpv2N6TAfKNW5Wg6HabDTRx466CGciRiUnFBZuMfzSBinsMMtj7lqMfUQlG88JdT4Wf0zM%2BjZEk5p9sHPIVch1P4jUXascQaYSmhxqUsJJZLmlLSsgEI%2BaA2RL6iu0rN9ANYEXkZX8p%2BoSEm%2FeWMmjv1VUimPr%2BbdY4R5e3jksZSRPWNGSFHkEfQyZW29S%2FxmJTeeLuiskIaAQSsuJVqkvCUm54YYnYiEnOKx7G3krbJiQXzryuwwOqJ32zDIurXrRVoIN%2Bij8CL%2FXGd8IzKumeUM3owWwIgqnddrU9gBvTOY8XVxGgpGxxdfJ1O68c2WuoLAW2UhH7sF1ijdiC3wcfXng6FTah5boxW%2B9MTi6DnMgSXAqQ83li50xFkdtIOJ6cI5qgSdST9uZ1f97U2jd6OPtEX73hNNJzm3eyD8FXR%2FU4cyJZmmw%2F3AdLI0FKPkrObd%2BvdESgJRz9hPN36qByREJLF%2FEZR%2Fl4pN1YOqTGAJ5l0LCUaDQ%2B7Y0lkgUxu6qSpjd9hKq90FDR08IOmiMIFO1%2Fbnn8YbAVqQC9hxrCS4fZ6zUrDXWFDQdAiJdwXirBRdnaxfvrBbw%3D%3D&nvMid=88646726618&catId=50001519
해외아이폰se 아이폰se1 공기계 모두의애플 se1 골드 WIFI 16GB,"116,500원",https://cr.shopping.naver.com/adcr?x=I26%2B%2F4%2Bc48miYGOp%2FpoBNf%2F%2F%2Fw%3D%3DsiirUxTaVuDUkfuPponGbSvHimAaKskcftkvaFYDsV8VyoYErd7Wx1dfdVO6hh7qVgGblfIGLtsxdkt67Tf%2F6ecKdlAuo4CRofAy%2FiHp8jqv8RtWXQ%2B4yWv%2FzzZujOpojmI2pf6w7%2BZPRPmsiCF%2FDqbnUM4PbNixF03EUqHcGaSHf0tRItGsVdjhlt3JkjekEyaxxRm4H8HcYDi0B3B3iQmfQT7uWwvxdz8nMvhXCKF1hi0pLwAgtnkt5HNVqPmIGPsT%2FxSjpUJFdlZfyHQtivweL8mDjug0MMBKQwp4NOEHBz7%2BORHa%2BX777%2F5U82WuFClV6w5UIcD7iElKPt4xFA6CkGyfW0UOIF7tVAEMcXKoxV13zJQi1K9pSiaKRyja3RKVv%2FgjW3odzmR3dfINL%2FHeKSnPhW%2BKOGqpvs00EMpd5PGzBKmO2aXL3EEnbZDKYYeromDpQBWarELZwkz8Sjol1HVaIoLvESPVGBZnem8%2FsDrc954igZYYI2tKPAiQmFehb6ay0%2BgFHLkErC2EA5Izzg%2BJY68t6M6wQddkR%2Fo7ryT%2FhrgqHO%2FbGvZCQDKB9UuEruQp%2BVmiVxJ0bWCQu7Et%2FwURTSvqbvLepw4Mvcgabi%2BSMxlJW4mGFgxbDNNs7RywcfzenC54XxH2lWVNekW9TZjqEQTAbFzUBl8432wvhVEAf6wwM5tqtSh0bB5Hx&nvMid=89679698641&catId=50000249
아이폰 14프로 128GB 애플 미개봉 정품 새상품,"390,000원",https://cr.shopping.naver.com/adcr?x=NjzMO5p44x4iPlnx0peSpf%2F%2F%2Fw%3D%3DsW7WiHarIDeJ4YQgTk522S2ch65iXhFurqR2SEVE6aAXxTAJR5s3V3RheLYZrm3hTh87RXtS%2B0CZ%2Br0piGiPfWmg6HabDTRx466CGciRiUnFBZuMfzSBinsMMtj7lqMfUQlG88JdT4Wf0zM%2BjZEk5p9sHPIVch1P4jUXascQaYSmhxqUsJJZLmlLSsgEI%2BaA2RL6iu0rN9ANYEXkZX8p%2BoSEm%2FeWMmjv1VUimPr%2BbdY6TCDj0SvsAkHiAT2wR5l3GyZW29S%2FxmJTeeLuiskIaAQSsuJVqkvCUm54YYnYiEnOKx7G3krbJiQXzryuwwOqJ3ZoUn6CxekePhwbHj3qw3jh3QaJOHe8s2Q7Oext6kChdrU9gBvTOY8XVxGgpGxxdda8WDi3QxurQmuKnUee1tIAvha7gvXRpjZ5jgkAGAwdW%2B9MTi6DnMgSXAqQ83li5TUqn12bSnwQKehMlpHjEcuV%2BG5oFpRAWkjCXy0ogGSc6p%2FpzLQHi7w%2BuhEqJuCCjdHbpyZfKB6m5anE3u8zDTYdQaDX7L%2F7jBMpX6mBnacSRRTCLjrxvrDBQE%2FsNwMc%2Bie%2BOStS3PJb4q8UqU3vw8Ua4%2FzQDy2nMmo1EwHEwb85lBClD%2FsVaRP1c2zVC6XZS11SkXvPxCFL9O%2FobcETkVA1QmAmnoJRdq4K9btjkCM0%3D&nvMid=88900413396&catId=50001519
[대여] 아이폰15 프로 맥스 렌탈 무보증금 무서류 카메라 캠코더 휴대폰 스마트폰 최소3일,"19,000원",https://cr.shopping.naver.com/adcr?x=mfo46%2B8yTXPWUZDWbKx0RP%2F%2F%2Fw%3D%3DsTuxgIU8vDzsUASm7pQllRePUSptw2MGaKD9Sj%2FJyARfxTAJR5s3V3RheLYZrm3hT%2BlO7pfA%2BOlwLNSHsd1wMkmg6HabDTRx466CGciRiUnFBZuMfzSBinsMMtj7lqMfUQlG88JdT4Wf0zM%2BjZEk5p9sHPIVch1P4jUXascQaYSmhxqUsJJZLmlLSsgEI%2BaA2RL6iu0rN9ANYEXkZX8p%2BoSEm%2FeWMmjv1VUimPr%2BbdY65PxSkhbqu9bvBnip2oXvqFcijZqnbWeAcNT29TSz04ac4qsaagY5tFJ3MNkqRCtolXTdy6Sn%2F2yromYu89VyUUbmTA3MJJM8d3zlj%2F5BvbRLRelyHqWP7R%2BqOeK%2B3WX9XfqiCwBtPYYwEdSt6i2JANVM4JwvTGG2txvpLsUa6FoLT7oGLOKeXQJBPv54vja9ZA%2FNR1XalNo2KfANKJPN%2BXzvJvs0kQjeVZqQ2ds3%2BuOxmC6CYjQr5dFqDqesCwJP4ki9ajDaisHoMKyOJWc%2FQBjiCuCejg73PTeEStmSzUso5fSYI5tMClWLVMjoaS9T2VjvzV7xEeS6%2FwFAxSvzXAflbTlzCLiEBiJLQRjQGyJUjHqxr%2FBJdmK1h%2BcN4tfTagHVwZ0rq7ic5NqYG%2Bgy2sQocLEGGa0wsleHc2pFkrUubuCA1rMwZ7OgRoQeYNh3vOiKxfaMg%2Bot%2FxsItjyAwUTssPO%2FQ8pH%2FQdMcgYLV4MtVYavx%2B%2B8fWZa9SBc8rqM%3D&nvMid=87157022559&catId=50000249
애플 아이폰 14 프로 256GB 새제품 미개봉,"664,000원",https://cr.shopping.naver.com/adcr?x=WwiU9TUidGiAzhZsfLGbLP%2F%2F%2Fw%3D%3Ds9gQJ7cyABz16VkvaVq%2B5YR92LlplRQ2HlcqEPTcLG8rxTAJR5s3V3RheLYZrm3hT3fWmipsajZnizFTd0vmgh2g6HabDTRx466CGciRiUnFBZuMfzSBinsMMtj7lqMfUQlG88JdT4Wf0zM%2BjZEk5p9sHPIVch1P4jUXascQaYSmhxqUsJJZLmlLSsgEI%2BaA2RL6iu0rN9ANYEXkZX8p%2BoSEm%2FeWMmjv1VUimPr%2BbdY4u8TUpBu5YmCvL2ySGdeREyZW29S%2FxmJTeeLuiskIaAQSsuJVqkvCUm54YYnYiEnOKx7G3krbJiQXzryuwwOqJhDN%2FYZ3KYZ6kvmQZsAyMvqy09RopNKtYIZWSuf%2FioILHvY%2FUzN94OzIr5wG3PfiAs1z6i%2F6nJ%2FEASJyYjW1QIkpdPlDSyHEItxO6JgGYxhqKqlKvy042cgqEN3oNYZa7HIVGZ6AjBbrkJoVCl0LLyES%2BJqJ4kX7Na%2BMj5G6o9NVQsd9DrtCwrHJC57dD3KlA6Ns0a7Ycg%2FMm3UrxSPyhG9qst1RCmoTIQ02DzNle%2Fx0phM4Xkqwer6KAYBzWkB5ni8ZL%2FpTA%2B1GeYTBrapn5IhpQczVk8jH2hXefSXBgjqh3wpvu9oAzdzD7%2FYcDWFMizY6of2Xpggjm6A4Z8HgJhg%3D%3D&nvMid=89711759342&catId=50001519
아이폰 15프로맥스 256GB Apple 미개봉 새상품,"682,000원",https://cr.shopping.naver.com/adcr?x=mU8iNuXZlJs1CfUjVfPKDP%2F%2F%2Fw%3D%3DsIRNTGFgWBR%2Byo1Anlxcd3dzhK5e4C1PEQ8BTrpLhXJ7xTAJR5s3V3RheLYZrm3hTPwQPmPD8Y2XOgaNzj5FDLGg6HabDTRx466CGciRiUnFBZuMfzSBinsMMtj7lqMfUQlG88JdT4Wf0zM%2BjZEk5p9sHPIVch1P4jUXascQaYSmhxqUsJJZLmlLSsgEI%2BaA2RL6iu0rN9ANYEXkZX8p%2BoSEm%2FeWMmjv1VUimPr%2BbdY46YZPsTySZ9y41Dh53RbkbyZW29S%2FxmJTeeLuiskIaAQSsuJVqkvCUm54YYnYiEnOKx7G3krbJiQXzryuwwOqJSPtUMCc1aygKgW91ITxntO3nEumEaOZ3C2913xDr%2FjxdrU9gBvTOY8XVxGgpGxxdfJ1O68c2WuoLAW2UhH7sF52RtOSpb7T54t%2BJqo7CPilW%2B9MTi6DnMgSXAqQ83li5FaVB5McY3o56dSVFsqccJXaSxcjpcFfPuH2keSWRmNf8A%2FRagQjZzKzCQE1fycoWXZ76KJZClTaLoisbxYrSEDujSRstlQXworXhV69%2BqrIFyjkC%2BlI5yKA2PJ%2FFJzTYKxS3FslmUrpnGZoP9HsELCZk7fR6DuCBD%2ByUUuoBzFq2r0tUGbbfYFz009V2sOTXA35CyMrpXQUt3%2FJvHupy5s1ITc7NlRPvorKrNyQBKaY%3D&nvMid=88646419517&catId=50001519
해외아이폰 5s 세컨폰 스페이스그레이 공기계 16GB 풀박스 언락폰,"70,300원",https://cr.shopping.naver.com/adcr?x=IZbWaZOk%2Fh7XIyRIyiHHG%2F%2F%2F%2Fw%3D%3Ds7o3mYcILSIIW3hCmpszaIBIexUjHlXPnVDJvO9KYsv5yoYErd7Wx1dfdVO6hh7qVbbRaea77AkZ98v1rxc9h1sKdlAuo4CRofAy%2FiHp8jqv8RtWXQ%2B4yWv%2FzzZujOpojmI2pf6w7%2BZPRPmsiCF%2FDqbnUM4PbNixF03EUqHcGaSHf0tRItGsVdjhlt3JkjekEyaxxRm4H8HcYDi0B3B3iQmfQT7uWwvxdz8nMvhXCKF02rfyFfrxG1NQ6rqzP5pwzPsT%2FxSjpUJFdlZfyHQtivweL8mDjug0MMBKQwp4NOEHBz7%2BORHa%2BX777%2F5U82WuFi47EMMpRt3ltkchRbN6TM3RloXzsOJ8B0H0vzMrL%2FxKRid9ggNd5qbZCfJ6KEHzELLH28tcazhLaZ%2BslhJrXlaIcwsFxNCNfiwMaLppX%2FTSYGver5E58ukKnoJgO2i7eN8NlfGYS2ZvSlq%2FhIwfC%2FtDVtxGpsGYSOOiRUUt4X9EUEIi2p7n%2FQ7qqWICZb92dskUyuIOxlurbD7qZeA42jGQbVeREKeRnzvF85OIHxzQxUy%2FBqXG49xbAM%2FXrJlgSIAWgbV%2FXI18oElP6Ee0zabEKHCxBhmtMLJXh3NqRZK2jiXxTIkjtmHNuNKWrJ1vH0fLn8NepMxp258dshhIV2s7a80m1vwK7YybjKzXiGq%2FLVWGr8fvvH1mWvUgXPK6j&nvMid=87669722009&catId=50000249
아이폰 15 프로 128GB [자급제],"최저1,289,740원",https://cr.shopping.naver.com/adcr?x=EGHEnSJl6zyMG7%2Bni%2F07%2FP%2F%2F%2Fw%3D%3DsJ%2BBY7uZGKHJJOALmY6sK1EvNyzDJ9z8ZsZ%2Bfd9fkomdyoYErd7Wx1dfdVO6hh7qVM6VIzYIoXYwvzfSxgqwAUsKdlAuo4CRofAy%2FiHp8jqv8RtWXQ%2B4yWv%2FzzZujOpojmI2pf6w7%2BZPRPmsiCF%2FDqbnUM4PbNixF03EUqHcGaSHf0tRItGsVdjhlt3JkjekEhmeWtJmvw8M90EK%2Bzy5a114nEdwofithSFzlLG8az9A%2FzQQwhv%2BbfFdK4VRc3yODIk7uNvEAL%2BEcmclsT2kPbblIRP%2BZOH7CveIqcMav0VExGrCVcWZxUYVdjs%2FHfLzanAKf8C291BuVeZpLynUOGBCGSQdcrj%2BZJHLmJxgT%2FbtkL5JdTHDItRySe25wAAG1imk6eDJvUs40TFuVER9KmDokh7KNEkkbwBBKOUFOEEozj6zPDboThK1w3Gm066Xd9yozgSmKu%2FSJmYRi4w%2BT%2BSI28QDIftdPo5sZ73mZF1RE23oETAfIPiEiCuydkEzSKTx%2F%2BJa8w7bs%2BzLDnAfSaSLkdKvOGEI4xa5d1nG8Ze9OjdzAmgxcdeo6nuQvHjmfVwTBC%2B8A6PS4vTRhGuY8FU0XlsG8S60mDVTzpa1Q3sqdSlPOZBN6V54TTL6u%2FzFs6QzW2aOREf%2FZjDniToyJyTzFlNBqX1G6IOsm5bNLq%2BIDfkLIyuldBS3f8m8e6nLmzUhNzs2VE%2B%2Bisqs3JAEppg%3D%3D&nvMid=53599845443&catId=50001519
"애플 아이폰12미니 공기계 IPHONE12 MINI 64GB 휴대폰,알뜰폰","235,000원",https://cr.shopping.naver.com/adcr?x=lZdj892NRTgbPFjB0mPI3%2F%2F%2F%2Fw%3D%3DsT%2BMcSC49AhxmxEpybp%2FPuLWNMO1J%2BoVIOb22GV8RM%2F1yoYErd7Wx1dfdVO6hh7qVg4t5hsELkAxhaNnzwuBgZcKdlAuo4CRofAy%2FiHp8jqv8RtWXQ%2B4yWv%2FzzZujOpojmI2pf6w7%2BZPRPmsiCF%2FDqbnUM4PbNixF03EUqHcGaSHf0tRItGsVdjhlt3JkjekE68782SChmG207Z5C5A7SfXABmSof2fs%2BGG572psF%2BOV2OyeDpNRF0eSM8oPY733oUoWnBOJU79K4X3hESedzmXgsn9%2BLmL41Lv4tdOu%2FIAGLUEHfc7s5F4iXVrNGZI4UWvqG8%2BU5Fm%2FJkPTb1Ro4avy6JnmLLtIPpGYchnXHE4OoSHBy44cRMqoQBY5LarL5yZW29S%2FxmJTeeLuiskIaAQSsuJVqkvCUm54YYnYiEnOKx7G3krbJiQXzryuwwOqJtvlzXGrpjCA9xMBUXFAA%2FdxXu6gXnlW29RDuafXqkBTHvY%2FUzN94OzIr5wG3PfiASwwphUhOnjGUXnWlAxwF%2BbrNjvxcL3hgeVRmEPl2vpGKqlKvy042cgqEN3oNYZa77AblolatHQzbQRVHIXwJxQ%2FIMHM8xe7pbpsG4sXAFsZCEecmZcpMJwHzvmZE20AxDvTkuBaImoZEOOVYZRqI4j2PAjbTslExZmio5JEZonV31Wigbj0n0ur%2BZT5fCKGosQocLEGGa0wsleHc2pFkragg3TyzLNCOB2Nt0lVF2KB9h4eKXvbGJ5CIP0u2sPPtA35CyMrpXQUt3%2FJvHupy5s1ITc7NlRPvorKrNyQBKaY%3D&nvMid=29627734665&catId=50000249
애플 아이폰13mini 미니 128GB 스타라이트 자급제,"619,000원",https://cr.shopping.naver.com/adcr?x=xALfeOs2OfJ%2B1KUFE7VfOf%2F%2F%2Fw%3D%3Dsk%2FrQNApwl3mQuRcqpUxa3H%2FBTAfgKTIn6u%2Bdu3iqHR1yoYErd7Wx1dfdVO6hh7qV26df5mz%2F1ztRVB4urFBR9MKdlAuo4CRofAy%2FiHp8jqv8RtWXQ%2B4yWv%2FzzZujOpojmI2pf6w7%2BZPRPmsiCF%2FDqbnUM4PbNixF03EUqHcGaSHf0tRItGsVdjhlt3JkjekEyaxxRm4H8HcYDi0B3B3iQmfQT7uWwvxdz8nMvhXCKF3chTMK58deL4%2FFARhm2eRajglGP9nGTEvAWYwMW%2F7E1rVnc7wcdqfCv3q5loMbcZIHs%2F2PHkpmvWjL2qy1nHubCRqjF9zGaF0ARH7K8wAMpiDFFAGJAMdDG5p619JZiL9drU9gBvTOY8XVxGgpGxxd2Ui8NH2bLKLQXIzyCcY537pM5xF4%2F%2BrYuQ1DDdJecNH4aIVrZfEssa%2F5DM9RdTldEOpq7n4U6ZJxQyRCI%2B7U%2FR1JTvYhkMww40ebWFHyytihTsiu%2BNhRRH%2FmN0NTfLR6qoPrmFTFB61l860TKYMK9CvdZ6ywOgV5a9UNuI5ywsUlCTD2bMwK9KrcAMZvAWq4cg1428xUWJt9B41vQjulVTtfHV9vHQJFr2QMiJjodVOXWJ3JqfbBZ0ndh0q4ne4makAvYcawkuH2es1Kw11hQ0HQIiXcF4qwUXZ2sX76wW8%3D&nvMid=87091267964&catId=50001519
해외아이폰se1세대 학생폰 iPhone 카메라 공기계 골드 세컨폰,"39,130원",https://cr.shopping.naver.com/adcr?x=GkydGMKZnTdkeOjXjzYJa%2F%2F%2F%2Fw%3D%3DsLo7Ek93phWDtM2KbLzxiUz7UrYrJMKSledZEpa62Sw5yoYErd7Wx1dfdVO6hh7qVwNBXxBKI788HRu%2F46AsZAcKdlAuo4CRofAy%2FiHp8jqv8RtWXQ%2B4yWv%2FzzZujOpojmI2pf6w7%2BZPRPmsiCF%2FDqbnUM4PbNixF03EUqHcGaSHf0tRItGsVdjhlt3JkjekEoTS0xngLQ2UmHIYQR%2BJAXIFHRim0lncwXkPj%2FCIv64wYNM%2FB%2B06PxN7tNe3SzN1bsZalodXRbBJFJ%2FE%2FiZx6QZEHsJEMpauiQ7Pkn0b%2Fbv9grldjH40LD2%2BREP67dnvIPsT%2FxSjpUJFdlZfyHQtivweL8mDjug0MMBKQwp4NOEHBz7%2BORHa%2BX777%2F5U82WuFClV6w5UIcD7iElKPt4xFAxWwrpnkD%2FbWALtKrcOjb3tXfqiCwBtPYYwEdSt6i2JA5K91mq7vuQERtHxUoDNIEUO1Rz7SrRd3XL8YophZJV0%2BqWy7zBYJI%2Biyrxc53lD7iZ%2BPsYUEi%2BimFs6Dv1ZY69pFqTfN7n5bqB6%2Fri6lDONf%2B%2FCMixVoFr4nAjR%2FwdGkjMZZIR8%2F8X8AzaTJAv0vxhxbpXtjR7S5Bk7sa1Lz2zPue7QF%2F7Lue5Bfsr7bX%2FbkKYTOF5KsHq%2BigGAc1pAeZ6VGQc2GdiDmnxniBrSGNHpufoAh3%2BrJzZX5Dkj48C2VbCLjWqVH7%2BJJaZlmSFGNGAau4fTwOUqyF63FjwpQRls%3D&nvMid=54578691968&catId=50000249
아이폰 16 256GB Apple 미개봉 새상품,"545,000원",https://cr.shopping.naver.com/adcr?x=9cnwdLmwnLHikPO7Ct3ISv%2F%2F%2Fw%3D%3DsQ8z%2FCwZpdRAYDwHcLnRXeoGCNzSOAmLN8qyswVt2EpByoYErd7Wx1dfdVO6hh7qV%2BhbiJl9KIxPp2sS9WOfK1MKdlAuo4CRofAy%2FiHp8jqv8RtWXQ%2B4yWv%2FzzZujOpojmI2pf6w7%2BZPRPmsiCF%2FDqbnUM4PbNixF03EUqHcGaSHf0tRItGsVdjhlt3JkjekEyaxxRm4H8HcYDi0B3B3iQmfQT7uWwvxdz8nMvhXCKF01ltrURfTLztDtRt2aU1PFPsT%2FxSjpUJFdlZfyHQtivweL8mDjug0MMBKQwp4NOEHBz7%2BORHa%2BX777%2F5U82WuFi47EMMpRt3ltkchRbN6TM9jAQKEXZsBx6kH5T5NElwk%2FCgNVhXBCBtEVNR3ZL60Amm1JLu3o30uX0kQP1eRkNfe6%2By85WTo4f0vZtXXSyS6YGver5E58ukKnoJgO2i7eAxZjazXqwWVjHCb4eXXGu2acJXdKOtvugXlwCoGsXkg7pQVzBu1lVDTRj7Meeu%2BXjq4cp6FWurM1iAwLkaTZKJ9j9fg%2FBli5pHesB%2FFbdOUP7UbNjIJABWwM7q6UxJuWX5ToMOm2D9mDUoaY7HkNHe%2FQwcLNlozS1FgiD6S4Alnw1Kw%2B1x8GHJUPajMW7qriDhLBwu%2FFQS5xWYf5w6G3jQ%3D%3D&nvMid=88646754590&catId=50001519
아이폰 13 128GB [자급제],"최저658,000원",https://cr.shopping.naver.com/adcr?x=MkBDn52UwsfJ9Z%2FQxwg1Rv%2F%2F%2Fw%3D%3DsisCyD1ON45%2BYgu2wSn1XBSyoEwk%2BppLHXzbZOt4JYEVyoYErd7Wx1dfdVO6hh7qVKaWqAZbwB8UR3nf7yLhussKdlAuo4CRofAy%2FiHp8jqv8RtWXQ%2B4yWv%2FzzZujOpojmI2pf6w7%2BZPRPmsiCF%2FDqbnUM4PbNixF03EUqHcGaSHf0tRItGsVdjhlt3JkjekEhmeWtJmvw8M90EK%2Bzy5a114nEdwofithSFzlLG8az9CMObOQrmQh2vBAfYCvD01iIk7uNvEAL%2BEcmclsT2kPbblIRP%2BZOH7CveIqcMav0VExGrCVcWZxUYVdjs%2FHfLzanAKf8C291BuVeZpLynUOGBCGSQdcrj%2BZJHLmJxgT%2FbtkL5JdTHDItRySe25wAAG1Po66a%2FxD1VLinDbiZ%2B4BMjokh7KNEkkbwBBKOUFOEEqCQ9Vaftrr2mNtEf%2BCE2Z9imfMGklPjc4KF5E%2BOHapmiI28QDIftdPo5sZ73mZF1SzD8QEWgPF0wBngdKkY%2F%2FWkpNvxu4flzQ%2FtIZsO3GWh8U2jbWww53Qjv7T%2FLBcsWdxuAT1ES0UDS%2BukjE7KV%2FmUBfO0mcXkxEsob647hoztOva2c4N7ritvu5IsEBOacu%2FhgaMkJIhbUi8HFdPXAb3YPwbSCyQi50nWv%2F4N%2FXlwqMTgJLsTLipl9Wys41oJcOFbDf4gHI5rSMJU1BWcIOg&nvMid=53646882589&catId=50001519
"애플 아이폰13미니 공기계 IPHONE13 MINI 128GB 휴대폰,알뜰폰","332,000원",https://cr.shopping.naver.com/adcr?x=Xjv5RGGutD%2BP1b60J08XEv%2F%2F%2Fw%3D%3DscX%2B42eFxwoBgGa7GSPg%2BUu2KNJpdo2%2BVWAN4Ki3PAa0AjU5j3gjlMYsRq8%2BGHFpS2%2FALB8PEzhMg5ngnaK%2FqqjXJD0NsZoE8wg%2BLc2SvDZhHRaISaXjSXtxpkOUV9xcVoe804vAexvuIKtdxYPjx16HkmzrFVpSBPeoYcmtkM5gynDJp2%2FkvnuV69VRR7qop7WhEArhgejO8FY7IitEwbpSQaHLMe6Iz36j8q%2B3tmSPvOMmb%2F98Ka2N2iWtIX71Blmfpb2ID%2F3B7C5xuutkEeFTBPZiaq3Nkre%2FMP4twH4%2BRXKYqAmsUicqX27G7tZi8wyUHBqT%2FVbi9UF95x3yvL9GDLFuFGlSlIleIf02aZdpJK2mBmrPC%2BRDxgt5OkNEgPsT%2FxSjpUJFdlZfyHQtivweL8mDjug0MMBKQwp4NOEHBz7%2BORHa%2BX777%2F5U82WuFRDpykpOqWZgZqWcBmVwRDR%2FCLgTU2an%2B19EKFkQn8Cg5ZX7w514R3wL%2BXQakLjBDt0ESIb%2FIW3SqZGGx1OiQnmcBKP9Uq11M5ytGk3P5LF%2BrBsr40uOCEKhwZbijibmwgwzqfeQx5pz631ZWTQieMBSL0FDm8Q7OWeAA%2FOMeoeAjzbsEOXCE3%2B1CztabuD4SMWKFNHz2pXBkNvWxHdEr8%2BL9JkNoVClDAyutzEHmo2cVUJpBSmtV3rl%2Fp6OccF%2BdNiFgIp6Q8IO9tMwX%2FAlCl0100VpfK9I25KU%2FUCZiTpneFOjZelbYgrPF2Rlt9D%2Fthq4sALGbZIJs3rQzcYmsbR0cjwVm1BUYVknE7IEMpz4%3D&nvMid=54512449712&catId=50000249
Apple 아이폰 15 프로 256GB 자급제 화이트 티타늄 (정품),"1,429,990원",https://cr.shopping.naver.com/adcr?x=%2BL0xkemTc%2Bo5eJ%2FZaGC4d%2F%2F%2F%2Fw%3D%3DsAa8yS7rWVqTPJeY8RWWi2ZR6ctJMHU4V8O%2BuctAnmSTxTAJR5s3V3RheLYZrm3hT%2F36Bpcw%2BIcKd7S%2BJnnlQz2g6HabDTRx466CGciRiUnFBZuMfzSBinsMMtj7lqMfUQlG88JdT4Wf0zM%2BjZEk5p9sHPIVch1P4jUXascQaYSmhxqUsJJZLmlLSsgEI%2BaA2RL6iu0rN9ANYEXkZX8p%2BoSEm%2FeWMmjv1VUimPr%2BbdY5W6v2zGWtV3FbDV35ERKGwyZW29S%2FxmJTeeLuiskIaAQSsuJVqkvCUm54YYnYiEnOKx7G3krbJiQXzryuwwOqJeUTdndbdALG4vI%2B5ME91oFPdU8f3YKAhIZoJYzn3havHvY%2FUzN94OzIr5wG3PfiAZfNOlI9dwV8dGAXvvwFxfvUZRsL1jl%2Fs7cfIMwMi30IU0KYvN65q1ZzViC%2BZXQ3UZBpOcEuXTQhyfQnZ2Kx6jAc7C2neIVvnYYy%2FzwuQye1p%2BKyF09NoIkvpSzoNc51fg5E%2BXrEfyE4ubuZhrAGu2TtfK3Q9ihd3FDGwQXlGb4PrZXXkA33UKxH4DJ9p4PP4Ikz20QRuwYQuCqwfpwQ0rGPsWLyNT4qguu93gBqE2seXBAn6PHGF%2B0fYe4S%2BYAAQNDDILCrO21DOanXTe0Cr2ldznR4EhPC6BI08fc6TT2xWkbDrUFJ2hBG8QaB8WVzn&nvMid=87730417958&catId=50001519
아이폰 14 프로맥스 128GB Apple 새상품 정품,"372,280원",https://cr.shopping.naver.com/adcr?x=tSkcMrjW%2BE%2FYzzKFx%2B9I%2Bv%2F%2F%2Fw%3D%3DsMo78UtfU%2ByV4g8x7hGYa%2Fho8pM03hnhAuIukLxQQmVtyoYErd7Wx1dfdVO6hh7qViCjVmNeB%2FtA9mzgnT2kUOcKdlAuo4CRofAy%2FiHp8jqv8RtWXQ%2B4yWv%2FzzZujOpojmI2pf6w7%2BZPRPmsiCF%2FDqbnUM4PbNixF03EUqHcGaSHf0tRItGsVdjhlt3JkjekEL5jFwDFCegKdTHeOMiI4gtwB1kOFxQ1CFh%2Fhnue79cbXqOQm68ipmQjyM9uzVeSrwh%2Fi7gG3n4Ce%2FW3jIB71Cva1DgYdafmNW3cSbaYXKx3g6J7Kl2Jbj3ktYyIhMKOKlLYZotmRp8lJel5%2BCjiIY6Tq%2FbD2MGowZHhNOyBhpCeUgj7JhipZW7dJJfFyMQl0JgoOUYDDxYr5Phfbs%2BQNJqEBIWbpAxIcX9Ro4DQQ6vA%2BGTGBONvh7FYbvnx8%2F8pvcJq84wGRBZ4bkZxlvgBT45ga96vkTny6QqegmA7aLt5pMQIeW5gmS07sD149jZhNUScK36B1qn%2BPZRW3jvzuyNHrnNy1wbnB7dzBKnfoc9xs4kSnIUT%2B3twRsCCJRLf5sGKRR90mrHecywM4xHSv9xlX9Qsht4mtergTxBFIoybZlVYLDEJpnI8cF6CMPSIW5eF26WHh%2FqzNikZKxwltI3fanICM6quk5odbYzOiUPqFbDf4gHI5rSMJU1BWcIOg&nvMid=50296246980&catId=50001519
[대여] 아이폰14 프로 렌탈 무보증금 무서류 카메라 캠코더 휴대폰 스마트폰,"16,000원",https://cr.shopping.naver.com/adcr?x=7MjHuuN8TecadXPx5v29Nf%2F%2F%2Fw%3D%3DsSUgdWUfg%2BcG6r4Kg6QBDXrRW9YZ8kzUwkW6mVLx9xpkAjU5j3gjlMYsRq8%2BGHFpSJw4Mq7oeTy0kJBKaRKl57TXJD0NsZoE8wg%2BLc2SvDZhHRaISaXjSXtxpkOUV9xcVoe804vAexvuIKtdxYPjx16HkmzrFVpSBPeoYcmtkM5gynDJp2%2FkvnuV69VRR7qophNAWEw0JCsb7LJXBJqKWV9015zgK%2BP5r4ZCysDfiDpV3NQY65KqpQro7BtyPGUViV2ah8hyFffWTGR4LIuL8fJwCn%2FAtvdQblXmaS8p1DhgQhkkHXK4%2FmSRy5icYE%2F27BW36r4QZshREfg%2B3vq7RNqleVCAk9%2Fqrn%2F4c0DSht5IKzRkJXU9%2FG%2FeS8pptq%2BaDLLH28tcazhLaZ%2BslhJrXlbYfkU1OuQvcirNOwX9O6nGVOK0dQ%2FP5I%2BZWWSuANJoNR6on%2F%2BcuyV6iDkhlzaBDPu2v0Dek7yB8MMIyLVQ9VIXhifCpaYOK0ulelgb0pu0g8OlIQBmrL8MXgs%2FDe9OHWSB%2BuRz7heom%2Bs4HskzngB7itrznPgkBzkvMesCcuNhXac7orcamYov3TzVQJKS1gxa6nTXQawafnEBUOsQTFCM2IWAinpDwg720zBf8CUKXHDxUz8BfMHGG%2FuGa9BCmsniLYi9aFjptIE3kvF8VwMLv4FjBw2o9sV0rv3xpG17l5Hv1T%2FoDPeAT2ZD%2BWCfnsQ%3D%3D&nvMid=84914932359&catId=50000249
해외아이폰7 32GB 신품급 감성카메라 배터리100%,"139,500원",https://cr.shopping.naver.com/adcr?x=tLikjQ0aL2SKHM%2BlGrFMUP%2F%2F%2Fw%3D%3Ds4lfakGKYUZoz5RXAX9xGgp8hPuz3sFFaclRo2p8YR2MAjU5j3gjlMYsRq8%2BGHFpSJLcL8Gqd%2B6GSLy3aR5zUszXJD0NsZoE8wg%2BLc2SvDZhHRaISaXjSXtxpkOUV9xcVoe804vAexvuIKtdxYPjx16HkmzrFVpSBPeoYcmtkM5gynDJp2%2FkvnuV69VRR7qophNAWEw0JCsb7LJXBJqKWV9015zgK%2BP5r4ZCysDfiDpVNdqx00DN2LKcDGflrKdNWXsapHaikuWXoz1YgPVaCC%2FJ6V%2BUAMybHVOesOVDR8Nxr6kdrp7BvT8OlwZ7P37YyZp%2FuhVWf5tMOyu5R2EADu0bGu5e%2FLqlTJ9WiSFJFzBKY%2FXFf4LJLAg0jkXVzFFxzH%2FU%2FRs2RONfDDKvEvB6Nn0s7DYnZCVfeUeoapOOJVpdIa%2FIDcyjh15RQN5IM5zaTA4Tqjyckn6ckeUfZcroycx9rpiu8D8IL4dcdlamgd0xHO%2FtGTwby3tQPGkcphTZ7ckYz3h9P8XbgC%2BtzByZ2RQ8O5q21yIl5CWZHmucbXcRKXtA%2BfvjoT3HlHG6CcH60WfAs3MBjlgxjnwLbwIxH2j2DDsnFscUladgZ%2Fq52t6fSHR3d8zUHTDZTYgEm0cO2D2ky0DgtRJGE1Mhy68gUDx0cjwVm1BUYVknE7IEMpz4%3D&nvMid=89333330623&catId=50000249
해외아이폰 SE1 iPhone SE1 공기계 세컨폰 ref se 언락 항공 실버 16GB,"123,000원",https://cr.shopping.naver.com/adcr?x=nGRNKxWBIykaTvyYMODEsP%2F%2F%2Fw%3D%3Ds%2BQiwiwIRQzxWueI2El3pLzkZ3xeZU2hKFgBjLaxfX5VyoYErd7Wx1dfdVO6hh7qVK%2BY%2BDyQDq5DHnhXyPDryl8KdlAuo4CRofAy%2FiHp8jqv8RtWXQ%2B4yWv%2FzzZujOpojmI2pf6w7%2BZPRPmsiCF%2FDqbnUM4PbNixF03EUqHcGaSHf0tRItGsVdjhlt3JkjekEyaxxRm4H8HcYDi0B3B3iQmfQT7uWwvxdz8nMvhXCKF3%2Fa%2BTzJ8Ga%2BQZ5gAW3yUwNPsT%2FxSjpUJFdlZfyHQtivweL8mDjug0MMBKQwp4NOEHBz7%2BORHa%2BX777%2F5U82WuFClV6w5UIcD7iElKPt4xFA1DyZ%2FjH9Wga7bObnRvkd30cHEfa%2FKWbY00rYvVgRP7iRKVv%2FgjW3odzmR3dfINL%2FMlgLkX77r3E3b9%2BygP%2BmzZ5PGzBKmO2aXL3EEnbZDKYkNK20FlfQL1u%2BgGW7Vt606WMvGnRI%2Fdhd9i7Z3oCDTeTOTiRO3d9ww%2F0CJ6cH1iYgJ9gg%2F3wlackAOVZppsUNAD%2B%2BGza2uO8lCVE6DvrxEJrc1tioO%2Fh0%2FLcs5FgB%2Bxr%2BEWbkOeGR1Huh7rw62s71g%2FtRs2MgkAFbAzurpTEm5bYaMKt6wPfeiQ8vOUckq7Bax6EelqQEcfwvKwgEbUqDOCx5%2BX7VlqFBXBbOjzJl1sOEsHC78VBLnFZh%2FnDobeN&nvMid=89660796323&catId=50000249
[대여]아이폰16 프로 대여/렌탈 서울 가락시장역 방문수령 퀵발송 256GB,"19,000원",https://cr.shopping.naver.com/adcr?x=XiaLOSyXOjbCYHxaQbmWd%2F%2F%2F%2Fw%3D%3Ds5LLFoNl8dHqi2vnQ%2F0cgxZyEsHUcqzu73N5q4Vy97QoksXwEH1Ig1UJg2fSjEwkDOzNol1sdyfO1FGuSn4kcqlsZOinTopHxyAyK2u%2FTy%2BjYsfDmngMDc30arSUbghlw%2FQUOJu4%2BL9kapXczqJZGtOJ6H%2Fh1p4lSdgqN%2Fg8KQezaJkx7JEAx1lrxyRBPVVhLxUiFRNirYnXAXhdwoPYA5aQ4Ddlq14b9jx4rHBfUTQ04HcKjZsUZU5VA5rfO%2BonNvhW5um%2Bg%2FcbvbV%2FlfwLZWqsJF1TG8DXvuOXRWh2aiSE1QmeK3ZPITzKHcbEnR%2BI8Plssa%2B3XYrO34%2FiVJ1ApySWVVQaVK%2F3LqghOYXXnIhpXfqiCwBtPYYwEdSt6i2JA%2Fu982RIs2syb6rDoURV9Z5lKmpwhNybu2uFB7VdknGCfpxPN1MfNuUMRiCOChO%2FLqF71C76gWnNON6Ei7IJI9t4AZz%2BNzr1cNWNzhPZEeuxsngANkih6ltN%2FltGEiu1lw1I04efREFDiUx0swN9WbF7%2B3%2FM9GLUSaZDV0KXyQnC5kp2i2MrlMGZvWbZdy%2BvHn9vJvDy0LappaaoHlnJbwDQxggbnQn7eomPPA2PB0L1nBU9T%2FGem277h55JfECUnvZ%2FeFHT4QriCiJnD4F%2FM0CjUEL3FiA58QtSjRF4S8QYDfkLIyuldBS3f8m8e6nLmzUhNzs2VE%2B%2Bisqs3JAEppg%3D%3D&nvMid=89200635457&catId=50001519
해외아이폰6 자급제 세컨폰 학생폰 공기계 카메라무음 실버 16GB,"82,000원",https://cr.shopping.naver.com/adcr?x=YWdWPARj8SFXClqv6wC%2F5f%2F%2F%2Fw%3D%3Ds1g%2BzaYTWcaDCBlh0MPjNXO80QOAtW6WiEZti8ugevCFyoYErd7Wx1dfdVO6hh7qVkkR162QS%2BBr5BvR3IDqEO8KdlAuo4CRofAy%2FiHp8jqv8RtWXQ%2B4yWv%2FzzZujOpojmI2pf6w7%2BZPRPmsiCF%2FDqbnUM4PbNixF03EUqHcGaSHf0tRItGsVdjhlt3JkjekEyaxxRm4H8HcYDi0B3B3iQmfQT7uWwvxdz8nMvhXCKF2QanR4DUt%2BIF%2Fk%2BhCGH4ixPsT%2FxSjpUJFdlZfyHQtivweL8mDjug0MMBKQwp4NOEHBz7%2BORHa%2BX777%2F5U82WuFVXRI5mGcfmF%2FrY0q4db9QqlefDg2of0oKGacjKu2JNX9iy%2B2vqojU2PQPJqM25KPLLH28tcazhLaZ%2BslhJrXlRz4MZo7N3xtoUCl2CS%2BS2mYGver5E58ukKnoJgO2i7e%2FRNvRhp5vLH24dy5MzrK3TNMbB65sZ2PHA7aIyDSsJJJKOu9aLwb5IrwMIEZrqXFiRh9cd42vrpabbKtNB8M0v77AbwexYu2GA33Vu75JBrV5wgaDSPraf5xTdPl%2B53vZY1vW9yM8dmaFm%2BacBz0k3R9INs9ZpxiOekV5%2FkbMXEAo7EkZZ807eAki30%2B1aRriWSF4g%2FXN8otaCckS3lffLVG8y8ICYAadq%2BsQrswbyeFbDf4gHI5rSMJU1BWcIOg&nvMid=88957834934&catId=50000249
아이폰 13 미니 128GB [SKT],최저1원,https://cr.shopping.naver.com/adcr?x=ffots7whRwYOBOFDLxmLCf%2F%2F%2Fw%3D%3Ds4N2AFpCQvUzkv%2Fr%2BpRwmChuCBDd0zaNq91BpFpE5MBYAjU5j3gjlMYsRq8%2BGHFpSVdrRHS4RUdKt3O2lgNt7QjXJD0NsZoE8wg%2BLc2SvDZhHRaISaXjSXtxpkOUV9xcVoe804vAexvuIKtdxYPjx16HkmzrFVpSBPeoYcmtkM5gynDJp2%2FkvnuV69VRR7qop2h%2FqNbmMd3P9tE5jamCbKQuIB8ncdehaYvLTVmrbJlE%2FNCxM9%2F2W70ar7FqgDnCOCb3k2P9GsyYcLETHoLzpIeE8YCiibN06F7pXXqOPTLCYUXCaGwk1EXlpq6wL997elLYZotmRp8lJel5%2BCjiIY6Tq%2FbD2MGowZHhNOyBhpCeUgj7JhipZW7dJJfFyMQl0bR9i2PYKfov3uJd%2FnqD%2BfmovNxFWzA781dOsDXmXgY0XLJU8eNHgQ5N32td%2BdxkrlVAB5KIKe51ESk0cymsFVJw9%2FDMX2S1ZzF2txO07wpSHt5FeG%2FH7Xww%2F%2FMuALSolR9Oa7zQ8%2Bz8wE%2BGcjPLmq%2BOw5X%2FEtkDi6Xe2dyAuQ74fcGopviWTtzoMaFIpsYkaQ46P3s%2BblYwUnWofOo1v9mJxyHBE3CYnzhPLG%2BOCDMWMmvxyO1YEI5r3AhyXSX%2FtAuOPVOUOkWNk4Ck7p2BJf%2BR79U%2F6Az3gE9mQ%2Flgn57E%3D&nvMid=29030427586&catId=50000246
애플 아이폰 16e 512GB 미개봉 새제품,"880,000원",https://cr.shopping.naver.com/adcr?x=GeYPqn4IIoH%2FEAsPqkS3sP%2F%2F%2Fw%3D%3Ds5D8svE6MRUfklVWBAsFrbMPOPtz0OC82PyXotx2mhSoAjU5j3gjlMYsRq8%2BGHFpSvrAU2umN1NotmBoLftS60DXJD0NsZoE8wg%2BLc2SvDZhHRaISaXjSXtxpkOUV9xcVoe804vAexvuIKtdxYPjx16HkmzrFVpSBPeoYcmtkM5gynDJp2%2FkvnuV69VRR7qophNAWEw0JCsb7LJXBJqKWV9015zgK%2BP5r4ZCysDfiDpUi3wQ5V11d7N1srUry50GzsMBxVzPLsscn08W0P%2FAgLPJ6V%2BUAMybHVOesOVDR8Nxr6kdrp7BvT8OlwZ7P37YyZp%2FuhVWf5tMOyu5R2EADu7shdfG%2BBhLLdiuKjwrQi5MTz8VbJodmRZYRvgRzcuzxYYyQomAOCRwvaXv4BU13v45pGSc%2FrDXCf0asaF4p1Lz3jZy8j83hl%2FBESvnOERYxqluRRizUsJz%2Fy4xQR6a9%2FrAqG08ig7GCxsj3TC21nfiefYM4Ner8QFtqvz%2BeZqT76Ns0a7Ycg%2FMm3UrxSPyhG7xQ6xz7DRs93e2TU7MnYLcphM4Xkqwer6KAYBzWkB5ni8ZL%2FpTA%2B1GeYTBrapn5In7qptwX8Y%2F8AoenvMtBprECx62%2B07AQzZeGe9uzRR0%2BaGimR4pR27mrh1IoDTOSgA%3D%3D&nvMid=89710099680&catId=50001519
해외아이폰6S 공기계 모두의애플 무음 6s 실버 16GB WIFI,"116,500원",https://cr.shopping.naver.com/adcr?x=rgb%2B93Jvm2bWsTkPFrU22f%2F%2F%2Fw%3D%3DsBd37U9BQVHYcrIdk6bdupnLOr13U8dn0Rrdm7dw1mEEAjU5j3gjlMYsRq8%2BGHFpSHOnhzmOflp7Xhn4VA7qonjXJD0NsZoE8wg%2BLc2SvDZhHRaISaXjSXtxpkOUV9xcVoe804vAexvuIKtdxYPjx16HkmzrFVpSBPeoYcmtkM5gynDJp2%2FkvnuV69VRR7qophNAWEw0JCsb7LJXBJqKWV9015zgK%2BP5r4ZCysDfiDpXzoFTOZ6C65yNYci%2BLmNTvYEKPi0amLWQYf3KqAdZzsvJ6V%2BUAMybHVOesOVDR8Nxr6kdrp7BvT8OlwZ7P37YyZp%2FuhVWf5tMOyu5R2EADu%2FI0ZqRl%2Bv3AmlDJ3y1zzWpS16Yk0FiKJZL2GGqNXUNLYYyQomAOCRwvaXv4BU13v27%2B%2FiUt3uCPo9oT2d67e8FeXs8JhKr1w%2FfTQog2lGikwZGR%2FzhSr7h0qM0jyrxVs%2BGN8N1G50vOZApvOlOfsbjbe2QbidjpHguc%2FC2cFMZ29WDHMObIHx4B7ob1ihayhztfK3Q9ihd3FDGwQXlGb4PBi6XMNjIkJm1LTHw05GKYNiFgIp6Q8IO9tMwX%2FAlCl0m7p3oiaKaHKsaHN00bltkRF5nZWZ52p55OCmVVIJW89gsj%2FSj8P%2FH8Esr%2Ff2sAkeR79U%2F6Az3gE9mQ%2Flgn57E%3D&nvMid=89350493598&catId=50001519
해외아이폰 Xs 무음 공기계 언락 인스타 세컨폰 실버 64GB 항공,"297,500원",https://cr.shopping.naver.com/adcr?x=E9EOIyyYdotH1vZ5ILqglP%2F%2F%2Fw%3D%3Ds3TyjtF0dP2nwi9DvrV85ts34fMgpTkLOjxOkmm%2BNTtRyoYErd7Wx1dfdVO6hh7qVPwyORKKFr9LfEPezpNse78KdlAuo4CRofAy%2FiHp8jqv8RtWXQ%2B4yWv%2FzzZujOpojmI2pf6w7%2BZPRPmsiCF%2FDqbnUM4PbNixF03EUqHcGaSHf0tRItGsVdjhlt3JkjekEyaxxRm4H8HcYDi0B3B3iQmfQT7uWwvxdz8nMvhXCKF28bA8Q%2B7gIvucCBEgJR3JPPsT%2FxSjpUJFdlZfyHQtivweL8mDjug0MMBKQwp4NOEHBz7%2BORHa%2BX777%2F5U82WuFDUHVss68%2F%2BP6JV7OwEL%2Bji8%2Fg%2BZLwdWJpeE82hpag5siRvEjHl0hEJM97aqbRm8kLLH28tcazhLaZ%2BslhJrXlWaSgjqLUqug82P5oaa4SuaYGver5E58ukKnoJgO2i7eOqe7GG8PPhlYqccshFxu7KkjPFLhgsCLyjb0Qp6sHxoaJE%2BcIGkdG8GSYZsqcli5OzDRtcewpqSRQAKOc1V1R8KpXs%2FFTmBbvh5cGY%2BjIERLsBP54QqzDDZ%2Fpa4%2BIMjFvk81k3uim096a8%2Fq4uO4nZAJTisD2oQhMmHfRPpWpo6AZxwbqxlnb8RFtWUXb9riiQAMk%2FeDmSXfD6DTgKxl6nPxi6PKBHmbNpgZlKUUnEeCqA6%2BrrPkSkQjk3bFq%2FUy&nvMid=89722101331&catId=50000249
